[
    {
        "key": "group_617f9c480f824",
        "title": "FAQs Setting",
        "fields": [
            {
                "key": "field_617fa6b99885f",
                "label": "FAQs Type",
                "name": "faqs_type",
                "type": "radio",
                "instructions": "",
                "required": 0,
                "conditional_logic": 0,
                "wrapper": {
                    "width": "35",
                    "class": "",
                    "id": ""
                },
                "choices": {
                    "with": "With Title",
                    "without": "Without TItle"
                },
                "allow_null": 0,
                "other_choice": 0,
                "default_value": "",
                "layout": "horizontal",
                "return_format": "value",
                "save_other_choice": 0
            },
            {
                "key": "field_6180add0f5f4f",
                "label": "Title Position",
                "name": "title_position",
                "type": "radio",
                "instructions": "Ignore if the FAQs Type is without title",
                "required": 0,
                "conditional_logic": 0,
                "wrapper": {
                    "width": "35",
                    "class": "",
                    "id": ""
                },
                "choices": {
                    "left": "Left",
                    "top": "Top"
                },
                "allow_null": 0,
                "other_choice": 0,
                "default_value": "",
                "layout": "horizontal",
                "return_format": "value",
                "save_other_choice": 0
            },
            {
                "key": "field_617fa75698863",
                "label": "FAQs Column",
                "name": "faqs_column",
                "type": "radio",
                "instructions": "",
                "required": 0,
                "conditional_logic": 0,
                "wrapper": {
                    "width": "30",
                    "class": "",
                    "id": ""
                },
                "choices": {
                    "one": "One Column",
                    "two": "Two Column"
                },
                "allow_null": 0,
                "other_choice": 0,
                "default_value": "",
                "layout": "horizontal",
                "return_format": "value",
                "save_other_choice": 0
            },
            {
                "key": "field_617f9c4bd8007",
                "label": "FAQs with Title",
                "name": "faqs_with_title",
                "type": "repeater",
                "instructions": "",
                "required": 0,
                "conditional_logic": [
                    [
                        {
                            "field": "field_617fa6b99885f",
                            "operator": "==",
                            "value": "with"
                        }
                    ]
                ],
                "wrapper": {
                    "width": "",
                    "class": "",
                    "id": ""
                },
                "collapsed": "",
                "min": 0,
                "max": 0,
                "layout": "table",
                "button_label": "",
                "sub_fields": [
                    {
                        "key": "field_617f9ce14d941",
                        "label": "Question Title",
                        "name": "question_title",
                        "type": "text",
                        "instructions": "",
                        "required": 0,
                        "conditional_logic": 0,
                        "wrapper": {
                            "width": "20",
                            "class": "",
                            "id": ""
                        },
                        "default_value": "",
                        "placeholder": "",
                        "prepend": "",
                        "append": "",
                        "maxlength": ""
                    },
                    {
                        "key": "field_617f9c60d8008",
                        "label": "Question List",
                        "name": "question_list",
                        "type": "repeater",
                        "instructions": "",
                        "required": 0,
                        "conditional_logic": 0,
                        "wrapper": {
                            "width": "80",
                            "class": "",
                            "id": ""
                        },
                        "collapsed": "",
                        "min": 0,
                        "max": 0,
                        "layout": "table",
                        "button_label": "",
                        "sub_fields": [
                            {
                                "key": "field_617f9c83d8009",
                                "label": "Title",
                                "name": "title",
                                "type": "text",
                                "instructions": "",
                                "required": 0,
                                "conditional_logic": 0,
                                "wrapper": {
                                    "width": "30",
                                    "class": "",
                                    "id": ""
                                },
                                "default_value": "",
                                "placeholder": "",
                                "prepend": "",
                                "append": "",
                                "maxlength": ""
                            },
                            {
                                "key": "field_617f9c8ad800a",
                                "label": "Answer",
                                "name": "answer",
                                "type": "textarea",
                                "instructions": "",
                                "required": 0,
                                "conditional_logic": 0,
                                "wrapper": {
                                    "width": "70",
                                    "class": "",
                                    "id": ""
                                },
                                "default_value": "",
                                "placeholder": "",
                                "maxlength": "",
                                "rows": 3,
                                "new_lines": "br"
                            }
                        ]
                    }
                ]
            },
            {
                "key": "field_617fa70398860",
                "label": "FAQs without Title",
                "name": "faqs_without_title",
                "type": "repeater",
                "instructions": "",
                "required": 0,
                "conditional_logic": [
                    [
                        {
                            "field": "field_617fa6b99885f",
                            "operator": "==",
                            "value": "without"
                        }
                    ]
                ],
                "wrapper": {
                    "width": "",
                    "class": "",
                    "id": ""
                },
                "collapsed": "",
                "min": 0,
                "max": 0,
                "layout": "table",
                "button_label": "",
                "sub_fields": [
                    {
                        "key": "field_617fa72298861",
                        "label": "Title",
                        "name": "title",
                        "type": "text",
                        "instructions": "",
                        "required": 0,
                        "conditional_logic": 0,
                        "wrapper": {
                            "width": "30",
                            "class": "",
                            "id": ""
                        },
                        "default_value": "",
                        "placeholder": "",
                        "prepend": "",
                        "append": "",
                        "maxlength": ""
                    },
                    {
                        "key": "field_617fa73098862",
                        "label": "Answer",
                        "name": "answer",
                        "type": "textarea",
                        "instructions": "",
                        "required": 0,
                        "conditional_logic": 0,
                        "wrapper": {
                            "width": "70",
                            "class": "",
                            "id": ""
                        },
                        "default_value": "",
                        "placeholder": "",
                        "maxlength": "",
                        "rows": 3,
                        "new_lines": "br"
                    }
                ]
            }
        ],
        "location": [
            [
                {
                    "param": "post_type",
                    "operator": "==",
                    "value": "page"
                }
            ]
        ],
        "menu_order": 0,
        "position": "normal",
        "style": "default",
        "label_placement": "top",
        "instruction_placement": "label",
        "hide_on_screen": "",
        "active": true,
        "description": ""
    }
]